error,expected
956d,960d
955.1CC,960.1CC
955.1C,960.1C
8271d 8272d 8273d 8274d 8275d 8276d 8277d 8278d 8279d,8281d 8282d 8283d 8284d 8285d 8286d 8287d 8288d 8289d
8270d 8271d 8272d 8273d 8274d 8275d 8276d 8277d 8278d,8270T 8281d 8282d 8283d 8284d 8285d 8286d 8287d 8288d 8289d
8280.1C, 8285.1C
8271.1XC,8276.1XC
8271.1C,8276.1C
8270.1ACCCCCTCT,8289.1CCCCCTCTA
7466d,7471d
593.1C,595.1C
5895d ,5899d
5894.1C,5899.1C
5892.1XC 5894C,5899.XC
5747d,5752d
57.1C,58C 60.1T
56d 58A 64.1T,55.1T 59d 60d 65.1T
567.XC,573.XC
567.1C,573.1C
56.1T 64T ,58C 60.1T
54.1T,55.1T
522d 523d,523d 524d
516d 517d,523d 524d
516d 517d,523d 524d
514d 515d,523d 524d
513d 514d,523d 524d
513.1CACA ,524.1ACAC
513.1CA,524.1AC
494d,498d
493.1C,498.1C
456d,459d
452d ,455d
451.1T,455.1T
42.1C,44.1C
335d ,337d
3167.1C,3172.1C
3105d 3106G 3107C,3105G
3106N 3107C,3107d
3106d 3107C,3107d
309.1CCCT 310C,309.1C 309.2C 309.3C 315.1C
309.1CCT 310C,309.1C 309.2C 315.1C
309.1CT 310C,309.1C 315.1C
309T 310C,309d
310.1C,315.1C
307.1CCCT 310C,309.1C 309.2C 309.3C 315.1C
302.1CC,309.1C 309.2C
302.1C,309.1C
298d ,299d
290.1AT,292.1AT
286d 287d,290d 291d
285.1A ,291.1A
248d,249d
2483.1C ,2484.1C
247d,247A
2404.1C,2405.1C
2394d,2395d
2226.1A,2232.1A
2150.1A,2156.1A
190.1A,191.1A
188.1GC 193C 195d 196d,189G 192C 194T 195C 196C
1718.1G,1719.1G
16323d,16325d
16162d,16166d
15940d,15944d
100d 101d 102d 103d 104d ,106d 107d 108d 109d 110d
